{
 "C1": {
  "SPX.monthly": {
   "H1a_ret": {
    "obs": 5.037898036300189e-05,
    "se": 0.0002660173819489719,
    "t": 0.189,
    "p": 0.8497932056365747,
    "ci5": -0.0004777305720314664,
    "ci95": 0.0005699819922091934,
    "n_in": 2185,
    "n_out": 6991
   },
   "H1a_rv": {
    "obs": -0.0002256482339290126,
    "se": 0.00012367309866945624,
    "t": -1.825,
    "p": 0.06806837623119377,
    "ci5": -0.0004670372154695252,
    "ci95": 2.27758692252895e-05,
    "n_in": 2185,
    "n_out": 6992
   },
   "H1b_rv": {
    "obs": -9.680908101924752e-05,
    "se": 0.00012770354281697543,
    "t": -0.758,
    "p": 0.44840506410031367,
    "ci5": -0.00034074716488814895,
    "ci95": 0.0001523633310116551,
    "n_in": 2185,
    "n_out": 6992
   }
  },
  "SPX.quarterly": {
   "H1a_ret": {
    "obs": 0.0002805313186144792,
    "se": 0.00042780270031331626,
    "t": 0.656,
    "p": 0.511985446583205,
    "ci5": -0.0005925930901827077,
    "ci95": 0.0011039274516532636,
    "n_in": 725,
    "n_out": 8451
   },
   "H1a_rv": {
    "obs": -0.00011036435336811683,
    "se": 0.0003428031860369447,
    "t": -0.322,
    "p": 0.7474930760720655,
    "ci5": -0.0007327020137820814,
    "ci95": 0.0005933451437365357,
    "n_in": 725,
    "n_out": 8452
   },
   "H1b_rv": {
    "obs": -0.00035997389587097764,
    "se": 0.00028080576989848504,
    "t": -1.282,
    "p": 0.19986650925365135,
    "ci5": -0.0009036053532457281,
    "ci95": 0.0002093774198597073,
    "n_in": 725,
    "n_out": 8452
   }
  },
  "NDX.monthly": {
   "H1a_ret": {
    "obs": -0.00011282649967736405,
    "se": 0.00036711633356548303,
    "t": -0.307,
    "p": 0.7585908828530463,
    "ci5": -0.0007916556183835327,
    "ci95": 0.0006097231587389078,
    "n_in": 2185,
    "n_out": 6991
   },
   "H1a_rv": {
    "obs": -0.0003663646535556342,
    "se": 0.00017331769043730602,
    "t": -2.114,
    "p": 0.034529533333838014,
    "ci5": -0.0007140028439745528,
    "ci95": -4.307842353949001e-05,
    "n_in": 2185,
    "n_out": 6992
   },
   "H1b_rv": {
    "obs": -3.4715552106883915e-05,
    "se": 0.00018724656873487762,
    "t": -0.185,
    "p": 0.8529151481527064,
    "ci5": -0.0003881313382626197,
    "ci95": 0.0003325807225701299,
    "n_in": 2185,
    "n_out": 6992
   }
  },
  "NDX.quarterly": {
   "H1a_ret": {
    "obs": -0.00034653799926456227,
    "se": 0.0005829010752160304,
    "t": -0.595,
    "p": 0.552173945362316,
    "ci5": -0.0014938651566355574,
    "ci95": 0.0007496309318907845,
    "n_in": 725,
    "n_out": 8451
   },
   "H1a_rv": {
    "obs": -0.00036173459225433656,
    "se": 0.0004498484324742031,
    "t": -0.804,
    "p": 0.42132450338212935,
    "ci5": -0.0012155849957959193,
    "ci95": 0.0005402410341964666,
    "n_in": 725,
    "n_out": 8452
   },
   "H1b_rv": {
    "obs": -0.00036291100501875326,
    "se": 0.000446129197063663,
    "t": -0.813,
    "p": 0.4159508402206378,
    "ci5": -0.0012172463989453173,
    "ci95": 0.0005261513765967018,
    "n_in": 725,
    "n_out": 8452
   }
  },
  "H1c_covid_qualitative": {
   "feb2020": {
    "opex": "2020-02-21",
    "next5_cumret": -11.49,
    "prev5_cumret": -1.07
   },
   "mar2020": {
    "opex": "2020-03-20",
    "next5_cumret": 10.26,
    "prev5_cumret": -14.98
   }
  }
 },
 "C2": {
  "H2a": {
   "r2": 0.5235,
   "n": 9156,
   "coef": {
    "const": {
     "beta": -0.001698101987532378,
     "se": 0.0009043443276635488,
     "t": -1.878,
     "p": 0.06042000039332773,
     "ci5": -0.003309701311253822,
     "ci95": 0.00024084410313232987
    },
    "vix": {
     "beta": 0.000585108307731081,
     "se": 4.4926866085075134e-05,
     "t": 13.024,
     "p": 0.0,
     "ci5": 0.0004895269500364147,
     "ci95": 0.0006656640744512538
    },
    "low": {
     "beta": 0.002352348638607061,
     "se": 0.0009683704691476227,
     "t": 2.429,
     "p": 0.015132911004871463,
     "ci5": 0.00034677814092172525,
     "ci95": 0.004120736374264903
    },
    "vix×low": {
     "beta": -0.00014230980662967058,
     "se": 5.065570232810245e-05,
     "t": -2.809,
     "p": 0.004964100885353595,
     "ci5": -0.00023620646479151865,
     "ci95": -3.851814289154565e-05
    }
   }
  },
  "H2b": {
   "worst1d": {
    "obs": 0.006262620174110542,
    "se": 0.0033196701439293748,
    "t": 1.887,
    "p": 0.059225075894595136,
    "ci5": 0.0007686590413782692,
    "ci95": 0.013855554263252527,
    "n_in": 120,
    "n_out": 29
   },
   "ttt": {
    "obs": -16.540517241379312,
    "se": 21.260716080729594,
    "t": -0.778,
    "p": 0.43657788276654674,
    "ci5": -69.62665820383496,
    "ci95": 14.161198899973316,
    "n_in": 120,
    "n_out": 29
   },
   "n_episodes": 149,
   "mean_worst1d_low": -0.023271055925312985,
   "mean_worst1d_high": -0.029533676099423527,
   "mean_ttt_low": 32.425,
   "mean_ttt_high": 48.96551724137931
  }
 },
 "C3": {
  "ols": {
   "r2": 0.616,
   "n": 9156,
   "coef": {
    "const": {
     "beta": 0.045924985203372515,
     "se": 0.00892994268383475,
     "t": 5.143,
     "p": 2.7066146701670846e-07,
     "ci5": 0.027512511725278237,
     "ci95": 0.06352764524734476
    },
    "ret_spx": {
     "beta": -115.8045729612283,
     "se": 4.087652443190621,
     "t": -28.33,
     "p": 0.0,
     "ci5": -123.56470531778257,
     "ci95": -107.54694979398606
    },
    "dskew": {
     "beta": 0.009511185694757864,
     "se": 0.007166882183454384,
     "t": 1.327,
     "p": 0.18447485083214832,
     "ci5": -0.005383776748281651,
     "ci95": 0.022606493037556182
    }
   }
  },
  "downday_share_explained_by_return_term": 1.021,
  "mean_dvix_downday": 0.8831622388527545,
  "n_down": 4228
 },
 "C4": {
  "VIX9D": {
   "crush": {
    "obs": -0.029705824517184013,
    "se": 0.01886894585717069,
    "t": -1.574,
    "p": 0.11541268403820548,
    "ci5": -0.06495344684847294,
    "ci95": 0.009509410127119432,
    "n": 87
   },
   "drift": {
    "obs": -0.0016165573793239937,
    "se": 0.0012769416791538217,
    "t": -1.266,
    "p": 0.2055273217314113,
    "ci5": -0.00419662033022374,
    "ci95": 0.0007696339961201171,
    "n": 87
   },
   "mean_crush_pct": -2.97,
   "frac_crushed": 0.67
  },
  "VIX": {
   "crush": {
    "obs": 0.004696470171094281,
    "se": 0.01362819788830249,
    "t": 0.345,
    "p": 0.7303844478322163,
    "ci5": -0.020550889856687904,
    "ci95": 0.03222196088166756,
    "n": 87
   },
   "drift": {
    "obs": -0.0016165573793239937,
    "se": 0.0012718147685498334,
    "t": -1.271,
    "p": 0.20370604557229122,
    "ci5": -0.004183274891220995,
    "ci95": 0.0008075633585980373,
    "n": 87
   },
   "mean_crush_pct": 0.47,
   "frac_crushed": 0.56
  }
 },
 "C5": {
  "SPY": {
   "vol_conc": {
    "obs": 8.189261127310506e-05,
    "se": 4.6406843889383465e-06,
    "t": 17.647,
    "p": 0.0,
    "ci5": 7.311553689603183e-05,
    "ci95": 9.113726086643963e-05,
    "n": 1389
   },
   "close_drift": {
    "obs": -3.840739609502165e-06,
    "se": 2.2735036563913064e-06,
    "t": -1.689,
    "p": 0.09115269627629718,
    "ci5": -8.21898193574378e-06,
    "ci95": 7.02319979723231e-07,
    "n": 1389
   },
   "opex_interaction": {
    "obs": 1.4250427705364012e-06,
    "se": 1.3147197495514739e-05,
    "t": 0.108,
    "p": 0.9136852451985578,
    "ci5": -2.4987218245186856e-05,
    "ci95": 2.6793841515040748e-05,
    "n_in": 345,
    "n_out": 1044
   },
   "n_days": 1389
  },
  "QQQ": {
   "vol_conc": {
    "obs": 0.00012012229013957368,
    "se": 6.1812825980891775e-06,
    "t": 19.433,
    "p": 0.0,
    "ci5": 0.00010833706020399426,
    "ci95": 0.00013255189251419025,
    "n": 1389
   },
   "close_drift": {
    "obs": -2.745088348281054e-06,
    "se": 2.5988315240057547e-06,
    "t": -1.056,
    "p": 0.2908412620233767,
    "ci5": -7.92188367168943e-06,
    "ci95": 2.3645175537411496e-06,
    "n": 1389
   },
   "opex_interaction": {
    "obs": -1.1450844776435525e-06,
    "se": 1.5954967658262665e-05,
    "t": -0.072,
    "p": 0.9427851248977672,
    "ci5": -3.251630354283473e-05,
    "ci95": 2.9982258146291434e-05,
    "n_in": 345,