{
  "m0": 0.061332,
  "m1": 5.4e-05,
  "m2": 0.118187,
  "m3": 0.024564,
  "m4": 0.002388,
  "m5": 0.214315,
  "m6": 0.009811,
  "m8": 0.00646,
  "m9": 0.562596,
  "m10": 0.0,
  "m11": 0.000294
}